Crag,Area,Bloc,Bloc Face,Line,Grade,Sit Start,Beta, Path
Land of Confusion,Corn And Bung,Upper Boulder,West,Jackalopes Can Kill ,4,FALSE,Lorem ipsum
Land of Confusion,Corn And Bung,Upper Boulder,West,Jackpot,0,FALSE,Lorem ipsum
Land of Confusion,Corn And Bung,Upper Boulder,West,Cornholio,4,TRUE,Lorem ipsum
Land of Confusion,Corn And Bung,Upper Boulder,West,It's A Disease,8,TRUE,Lorem ipsum
Land of Confusion,Corn And Bung,Upper Boulder,North,Resurrection,8,TRUE,Lorem ipsum
Land of Confusion,Corn And Bung,Upper Boulder,North,Carbosaurus,10,TRUE,Lorem ipsum
Land of Confusion,Corn And Bung,Upper Boulder,North,Insurrection,10,TRUE,Lorem ipsum
Land of Confusion,Corn And Bung,Upper Boulder,North,The Whales Back,3,FALSE,Lorem ipsum
Land of Confusion,Corn And Bung,Upper Boulder,North,Can't Trust Skinny People,6,FALSE,Lorem ipsum
Land of Confusion,Corn And Bung,Upper Boulder,East,Captain Hook,5,TRUE,Lorem ipsum
Land of Confusion,Corn And Bung,Lower Boulder,West,Taco Dish,3,FALSE,Lorem ipsum
Land of Confusion,Corn And Bung,Lower Boulder,West,Overdrive,10,TRUE,Lorem ipsum
Land of Confusion,Corn And Bung,Lower Boulder,North,Piranha,6,FALSE,Lorem ipsum
Land of Confusion,Corn And Bung,Lower Boulder,North,Joe Boxer,6,TRUE,Lorem ipsum
Land of Confusion,Corn And Bung,Lower Boulder,East,Memory Block,2,TRUE,Lorem ipsum
Land of Confusion,Corn And Bung,Lower Boulder,East,White Cracker,0,TRUE,Lorem ipsum
Land of Confusion,Corn And Bung,Lower Boulder,East,Razors Edge,2,FALSE,Lorem ipsum
Land of Confusion,Corn And Bung,Lower Boulder,East,Dancing to the New Bolaro ,9,TRUE,Lorem ipsum
Land of Confusion,Corn And Bung,Lower Boulder,South,Milking The Cow,7,TRUE,Lorem ipsum
Land of Confusion,Corn And Bung,Lower Boulder,South,Milking The Cow (Stand),5,FALSE,Lorem ipsum



Use code with caution.


Use code with caution.


Use code with caution.
